{
      "hist": [
            0.872,
            0.9119999999999999,
            0.8693333333333333,
            0.9253333333333333,
            0.88,
            0.9226666666666666,
            0.9493333333333333,
            0.9493333333333333,
            0.9333333333333333,
            0.9199999999999999,
            0.9279999999999999,
            0.9306666666666666,
            0.9279999999999999,
            0.9333333333333333,
            0.9413333333333334,
            0.9493333333333333,
            0.9333333333333333,
            0.9279999999999999,
            0.9466666666666667,
            0.9413333333333334,
            0.9413333333333334,
            0.952,
            0.9546666666666667,
            0.952,
            0.9359999999999999,
            0.9333333333333333,
            0.9466666666666667,
            0.9466666666666667,
            0.96,
            0.952,
            0.944,
            0.9413333333333334,
            0.9573333333333333,
            0.9493333333333333,
            0.944,
            0.9706666666666667,
            0.952,
            0.944,
            0.9386666666666666,
            0.9466666666666667,
            0.9466666666666667,
            0.944,
            0.9466666666666667,
            0.96,
            0.952,
            0.9493333333333333,
            0.9413333333333334,
            0.9493333333333333,
            0.9466666666666667,
            0.9573333333333333
      ],
      "best_val_acc": 0.9706666666666667,
      "test_acc": 0.952
}