{
      "hist": [
            0.704,
            0.8186666666666667,
            0.856,
            0.888,
            0.8746666666666666,
            0.9039999999999999,
            0.9119999999999999,
            0.9253333333333333,
            0.9146666666666666,
            0.9306666666666666,
            0.9119999999999999,
            0.9279999999999999,
            0.9253333333333333,
            0.9039999999999999,
            0.9146666666666666,
            0.9093333333333333,
            0.9386666666666666,
            0.9333333333333333,
            0.9333333333333333,
            0.9279999999999999,
            0.9359999999999999,
            0.944,
            0.9333333333333333,
            0.9333333333333333,
            0.96,
            0.9466666666666667,
            0.9253333333333333,
            0.9413333333333334,
            0.9199999999999999,
            0.9413333333333334,
            0.9333333333333333,
            0.9306666666666666,
            0.9119999999999999,
            0.952,
            0.9359999999999999,
            0.944,
            0.9413333333333334,
            0.9546666666666667,
            0.9306666666666666,
            0.9386666666666666,
            0.9306666666666666,
            0.9359999999999999,
            0.9386666666666666,
            0.9306666666666666,
            0.9359999999999999,
            0.9386666666666666,
            0.944,
            0.9546666666666667,
            0.9493333333333333,
            0.9306666666666666
      ],
      "best_val_acc": 0.96,
      "test_acc": 0.9226666666666666
}