{
      "hist": [
            0.2906666666666667,
            0.5093333333333333,
            0.6586666666666666,
            0.7786666666666666,
            0.7173333333333333,
            0.8053333333333333,
            0.8266666666666667,
            0.8453333333333333,
            0.824,
            0.8373333333333333,
            0.872,
            0.88,
            0.856,
            0.8213333333333334,
            0.8746666666666666,
            0.8666666666666666,
            0.8586666666666667,
            0.888,
            0.8986666666666666,
            0.8746666666666666,
            0.896,
            0.856,
            0.9013333333333333,
            0.8853333333333333,
            0.8906666666666666,
            0.872,
            0.8906666666666666,
            0.8933333333333333,
            0.8666666666666666,
            0.8933333333333333,
            0.896,
            0.8853333333333333,
            0.8826666666666666,
            0.8853333333333333,
            0.8906666666666666,
            0.896,
            0.9173333333333333,
            0.896,
            0.8853333333333333,
            0.8906666666666666,
            0.8906666666666666,
            0.9146666666666666,
            0.8853333333333333,
            0.9119999999999999,
            0.8986666666666666,
            0.9039999999999999,
            0.8906666666666666,
            0.8986666666666666,
            0.9013333333333333,
            0.8986666666666666
      ],
      "best_val_acc": 0.9173333333333333,
      "test_acc": 0.9306666666666666
}