{
      "hist": [
            0.8746666666666666,
            0.9386666666666666,
            0.9493333333333333,
            0.944,
            0.9466666666666667,
            0.96,
            0.96,
            0.9386666666666666,
            0.9626666666666667,
            0.9493333333333333,
            0.9386666666666666,
            0.9466666666666667,
            0.96,
            0.9546666666666667,
            0.9493333333333333,
            0.944,
            0.9573333333333333,
            0.9653333333333333,
            0.952,
            0.9653333333333333,
            0.9546666666666667,
            0.9626666666666667,
            0.9493333333333333,
            0.9546666666666667,
            0.9493333333333333,
            0.96,
            0.968,
            0.9626666666666667,
            0.9706666666666667,
            0.9706666666666667,
            0.9653333333333333,
            0.9653333333333333,
            0.9546666666666667,
            0.9626666666666667,
            0.9413333333333334,
            0.9626666666666667,
            0.9546666666666667,
            0.9706666666666667,
            0.96,
            0.9573333333333333,
            0.952,
            0.9706666666666667,
            0.968,
            0.96,
            0.96,
            0.9653333333333333,
            0.968,
            0.9706666666666667,
            0.968,
            0.9626666666666667
      ],
      "best_val_acc": 0.9706666666666667,
      "test_acc": 0.944
}