{
      "hist": [
            0.7706666666666666,
            0.8426666666666667,
            0.864,
            0.9146666666666666,
            0.9359999999999999,
            0.9386666666666666,
            0.944,
            0.96,
            0.9546666666666667,
            0.9626666666666667,
            0.944,
            0.952,
            0.96,
            0.9626666666666667,
            0.952,
            0.9626666666666667,
            0.96,
            0.9653333333333333,
            0.9706666666666667,
            0.9573333333333333,
            0.96,
            0.9546666666666667,
            0.9546666666666667,
            0.96,
            0.9573333333333333,
            0.9546666666666667,
            0.968,
            0.9653333333333333,
            0.9706666666666667,
            0.968,
            0.968,
            0.9733333333333333,
            0.976,
            0.9706666666666667,
            0.976,
            0.9733333333333333,
            0.9546666666666667,
            0.9653333333333333,
            0.9706666666666667,
            0.9626666666666667,
            0.9653333333333333,
            0.968,
            0.9706666666666667,
            0.96,
            0.9706666666666667,
            0.9733333333333333,
            0.952,
            0.9626666666666667,
            0.9653333333333333,
            0.9653333333333333
      ],
      "best_val_acc": 0.976,
      "test_acc": 0.9706666666666667
}