{
      "hist": [
            0.7306666666666667,
            0.896,
            0.9226666666666666,
            0.944,
            0.9199999999999999,
            0.9386666666666666,
            0.9226666666666666,
            0.944,
            0.9413333333333334,
            0.952,
            0.9493333333333333,
            0.9413333333333334,
            0.9359999999999999,
            0.9306666666666666,
            0.9413333333333334,
            0.952,
            0.9546666666666667,
            0.944,
            0.9359999999999999,
            0.9386666666666666,
            0.944,
            0.9493333333333333,
            0.9466666666666667,
            0.9466666666666667,
            0.944,
            0.9466666666666667,
            0.9573333333333333,
            0.9573333333333333,
            0.9466666666666667,
            0.9413333333333334,
            0.944,
            0.96,
            0.9626666666666667,
            0.9466666666666667,
            0.9413333333333334,
            0.9359999999999999,
            0.9573333333333333,
            0.968,
            0.9573333333333333,
            0.9573333333333333,
            0.9413333333333334,
            0.9493333333333333,
            0.9493333333333333,
            0.9546666666666667,
            0.9573333333333333,
            0.9546666666666667,
            0.9546666666666667,
            0.9466666666666667,
            0.96,
            0.952
      ],
      "best_val_acc": 0.968,
      "test_acc": 0.9626666666666667
}