{
      "hist": [
            0.021333333333333333,
            0.03733333333333333,
            0.08533333333333333,
            0.16533333333333333,
            0.2373333333333333,
            0.33866666666666667,
            0.36533333333333334,
            0.38666666666666666,
            0.4746666666666666,
            0.512,
            0.5413333333333333,
            0.5519999999999999,
            0.5599999999999999,
            0.608,
            0.6346666666666666,
            0.6053333333333333,
            0.6213333333333333,
            0.6186666666666667,
            0.656,
            0.6533333333333333,
            0.6533333333333333,
            0.6373333333333333,
            0.6613333333333333,
            0.6506666666666666,
            0.688,
            0.688,
            0.728,
            0.704,
            0.6986666666666667,
            0.704,
            0.6986666666666667,
            0.7226666666666667,
            0.7173333333333333,
            0.728,
            0.6799999999999999,
            0.7386666666666667,
            0.6986666666666667,
            0.712,
            0.696,
            0.7173333333333333,
            0.6826666666666666,
            0.6986666666666667,
            0.704,
            0.7253333333333333,
            0.712,
            0.696,
            0.7066666666666667,
            0.7173333333333333,
            0.72,
            0.728
      ],
      "best_val_acc": 0.7386666666666667,
      "test_acc": 0.7173333333333333
}